"annotation_id","annotator","created_at","id","image","label","lead_time","updated_at"
375,"1","2024-04-26T23:05:03.936565Z",374,"/data/upload/7/79167d71-img233.jpg","[{""x"":50.72,""y"":52.984954128440364,""width"":9.599999999999994,""height"":15.219082568807323,""rotation"":0,""rectanglelabels"":[""S""],""original_width"":384,""original_height"":218}]",3.629,"2024-04-26T23:05:03.936576Z"
376,"1","2024-04-26T23:05:08.042184Z",375,"/data/upload/7/9005753b-img232.jpg","[{""x"":51.519999999999996,""y"":51.293944954128435,""width"":8.480000000000004,""height"":15.219082568807337,""rotation"":0,""rectanglelabels"":[""S""],""original_width"":384,""original_height"":218}]",3.248,"2024-04-26T23:05:08.042197Z"
377,"1","2024-04-26T23:05:11.420680Z",376,"/data/upload/7/6d682278-img231.jpg","[{""x"":49.76,""y"":52.42128440366972,""width"":9.119999999999997,""height"":15.782752293577964,""rotation"":0,""rectanglelabels"":[""S""],""original_width"":384,""original_height"":218}]",2.436,"2024-04-26T23:05:11.420701Z"
378,"1","2024-04-26T23:05:17.624369Z",377,"/data/upload/7/e5890f8c-img230.jpg","[{""x"":53.76,""y"":58.05798165137613,""width"":7.520000000000006,""height"":14.373577981651394,""rotation"":0,""rectanglelabels"":[""S""],""original_width"":384,""original_height"":218}]",5.501,"2024-04-26T23:05:17.624395Z"
379,"1","2024-04-26T23:05:23.474548Z",378,"/data/upload/7/5f7b812d-img229.jpg","[{""x"":46.400000000000006,""y"":52.1394495412844,""width"":6.559999999999988,""height"":11.837064220183478,""rotation"":0,""rectanglelabels"":[""S""],""original_width"":384,""original_height"":218}]",4.567,"2024-04-26T23:05:23.474568Z"
380,"1","2024-04-26T23:05:35.487549Z",379,"/data/upload/7/46309919-img228.jpg","[{""x"":44.64,""y"":51.857614678899075,""width"":6.560000000000002,""height"":10.146055045871563,""rotation"":0,""rectanglelabels"":[""S""],""original_width"":384,""original_height"":218}]",10.91,"2024-04-26T23:05:35.487563Z"
381,"1","2024-04-26T23:05:39.783593Z",380,"/data/upload/7/064f0a35-img227.jpg","[{""x"":45.12,""y"":58.62165137614678,""width"":6.080000000000005,""height"":9.864220183486232,""rotation"":0,""rectanglelabels"":[""S""],""original_width"":384,""original_height"":218}]",3.314,"2024-04-26T23:05:39.783621Z"
382,"1","2024-04-26T23:05:43.906608Z",381,"/data/upload/7/e0731285-img226.jpg","[{""x"":46.88,""y"":68.48587155963301,""width"":6.079999999999991,""height"":9.582385321100915,""rotation"":0,""rectanglelabels"":[""S""],""original_width"":384,""original_height"":218}]",3.277,"2024-04-26T23:05:43.906633Z"
383,"1","2024-04-26T23:05:50.037870Z",382,"/data/upload/7/a27814da-img225.jpg","[{""x"":45.92,""y"":65.66752293577981,""width"":5.280000000000001,""height"":9.582385321100915,""rotation"":0,""rectanglelabels"":[""S""],""original_width"":384,""original_height"":218}]",4.292,"2024-04-26T23:05:50.037895Z"
384,"1","2024-04-26T23:05:55.333362Z",383,"/data/upload/7/f24a0c46-img224.jpg","[{""x"":44.16,""y"":56.366972477064216,""width"":6.400000000000006,""height"":10.42788990825688,""rotation"":0,""rectanglelabels"":[""S""],""original_width"":384,""original_height"":218}]",4.275,"2024-04-26T23:05:55.333377Z"
385,"1","2024-04-26T23:05:59.234330Z",384,"/data/upload/7/66fcfdbb-img223.jpg","[{""x"":45.28,""y"":57.494311926605505,""width"":6.079999999999991,""height"":10.146055045871563,""rotation"":0,""rectanglelabels"":[""S""],""original_width"":384,""original_height"":218}]",3.076,"2024-04-26T23:05:59.234353Z"
386,"1","2024-04-26T23:06:29.183226Z",385,"/data/upload/7/c9a53454-img222.jpg","[{""x"":44,""y"":60.59449541284402,""width"":6.8799999999999955,""height"":12.11889908256882,""rotation"":0,""rectanglelabels"":[""S""],""original_width"":384,""original_height"":218}]",28.183,"2024-04-26T23:06:29.183237Z"
387,"1","2024-04-26T23:06:47.697853Z",386,"/data/upload/7/9c05c40d-img221.jpg","[{""x"":38.080000000000005,""y"":50.166605504587146,""width"":7.199999999999996,""height"":14.091743119266049,""rotation"":0,""rectanglelabels"":[""S""],""original_width"":384,""original_height"":218}]",17.595,"2024-04-26T23:06:47.697866Z"
388,"1","2024-04-26T23:06:52.069866Z",387,"/data/upload/7/2b00fd4a-img220.jpg","[{""x"":32.16,""y"":51.857614678899075,""width"":12.640000000000008,""height"":24.519633027522936,""rotation"":0,""rectanglelabels"":[""S""],""original_width"":384,""original_height"":218}]",2.943,"2024-04-26T23:06:52.069879Z"
389,"1","2024-04-26T23:06:55.762192Z",388,"/data/upload/7/d2487246-img219.jpg","[{""x"":28.64,""y"":55.23963302752293,""width"":11.04,""height"":22.828623853211,""rotation"":0,""rectanglelabels"":[""S""],""original_width"":384,""original_height"":218}]",3.063,"2024-04-26T23:06:55.762203Z"
390,"1","2024-04-26T23:07:00.091898Z",389,"/data/upload/7/ededc71d-img217.jpg","[{""x"":88.64,""y"":30.156330275229354,""width"":8.959999999999994,""height"":18.037431192660545,""rotation"":0,""rectanglelabels"":[""S""],""original_width"":384,""original_height"":218}]",2.632,"2024-04-26T23:07:00.091911Z"
391,"1","2024-04-26T23:07:03.782167Z",390,"/data/upload/7/dcf2db88-img216.jpg","[{""x"":73.6,""y"":40.866055045871555,""width"":8.799999999999997,""height"":17.755596330275225,""rotation"":0,""rectanglelabels"":[""S""],""original_width"":384,""original_height"":218}]",2.636,"2024-04-26T23:07:03.782181Z"
392,"1","2024-04-26T23:07:07.112500Z",391,"/data/upload/7/3973819c-img215.jpg","[{""x"":59.519999999999996,""y"":54.39412844036696,""width"":6.88000000000001,""height"":13.246238532110105,""rotation"":0,""rectanglelabels"":[""S""],""original_width"":384,""original_height"":218}]",2.496,"2024-04-26T23:07:07.112512Z"
393,"1","2024-04-26T23:07:11.931773Z",392,"/data/upload/7/77a7fd10-img214.jpg","[{""x"":59.519999999999996,""y"":48.1937614678899,""width"":7.200000000000003,""height"":14.37357798165138,""rotation"":0,""rectanglelabels"":[""S""],""original_width"":384,""original_height"":218}]",3.937,"2024-04-26T23:07:11.931784Z"
394,"1","2024-04-26T23:07:18.299155Z",393,"/data/upload/7/bea5d9e1-img213.jpg","[{""x"":48.480000000000004,""y"":52.1394495412844,""width"":7.679999999999993,""height"":13.809908256880725,""rotation"":0,""rectanglelabels"":[""S""],""original_width"":384,""original_height"":218}]",4.943,"2024-04-26T23:07:18.299174Z"
395,"1","2024-04-26T23:07:23.593142Z",394,"/data/upload/7/027f1d8f-img212.jpg","[{""x"":46.56,""y"":52.984954128440364,""width"":7.840000000000003,""height"":13.528073394495408,""rotation"":0,""rectanglelabels"":[""S""],""original_width"":384,""original_height"":218}]",4.499,"2024-04-26T23:07:23.593163Z"
396,"1","2024-04-26T23:07:32.246910Z",395,"/data/upload/7/a5343674-img211.jpg","[{""x"":38.08000000000001,""y"":39.73871559633027,""width"":10.399999999999995,""height"":20.573944954128418,""rotation"":0,""rectanglelabels"":[""S""],""original_width"":384,""original_height"":218}]",7.452,"2024-04-26T23:07:32.246925Z"
397,"1","2024-04-26T23:07:43.932956Z",396,"/data/upload/7/b7a32d63-img210.jpg","[{""x"":30.880000000000003,""y"":36.92036697247706,""width"":11.36,""height"":20.573944954128443,""rotation"":0,""rectanglelabels"":[""S""],""original_width"":384,""original_height"":218}]",6.889,"2024-04-26T23:07:43.932967Z"
398,"1","2024-04-26T23:08:24.551382Z",397,"/data/upload/7/d1ada60e-img209.jpg","[{""x"":25.119999999999997,""y"":26.492477064220182,""width"":11.840000000000003,""height"":23.392293577981647,""rotation"":0,""rectanglelabels"":[""S""],""original_width"":384,""original_height"":218}]",39.116,"2024-04-26T23:08:24.551393Z"
399,"1","2024-04-26T23:08:28.809548Z",398,"/data/upload/7/40c18982-img208.jpg","[{""x"":28.799999999999997,""y"":55.23963302752293,""width"":12,""height"":28.18348623853211,""rotation"":0,""rectanglelabels"":[""S""],""original_width"":384,""original_height"":218}]",3.347,"2024-04-26T23:08:28.809563Z"
400,"1","2024-04-26T23:08:32.001655Z",399,"/data/upload/7/c785440d-img207.jpg","[{""x"":59.36,""y"":49.88477064220183,""width"":12.159999999999997,""height"":26.492477064220182,""rotation"":0,""rectanglelabels"":[""S""],""original_width"":384,""original_height"":218}]",2.456,"2024-04-26T23:08:32.001668Z"
401,"1","2024-04-26T23:08:36.825270Z",400,"/data/upload/7/9da6feb2-img206.jpg","[{""x"":50.080000000000005,""y"":38.89321100917431,""width"":10.560000000000002,""height"":21.701284403669717,""rotation"":0,""rectanglelabels"":[""S""],""original_width"":384,""original_height"":218}]",4.114,"2024-04-26T23:08:36.825282Z"
402,"1","2024-04-26T23:08:45.126632Z",401,"/data/upload/7/8f483180-img205.jpg","[{""x"":48.639999999999986,""y"":50.7302752293577,""width"":12.159999999999972,""height"":21.137614678899126,""rotation"":0,""rectanglelabels"":[""S""],""original_width"":384,""original_height"":218}]",7.195,"2024-04-26T23:08:45.126644Z"
403,"1","2024-04-26T23:08:48.864236Z",402,"/data/upload/7/f09a24ca-img204.jpg","[{""x"":49.76,""y"":70.45871559633026,""width"":9.439999999999998,""height"":12.68256880733945,""rotation"":0,""rectanglelabels"":[""S""],""original_width"":384,""original_height"":218}]",2.899,"2024-04-26T23:08:48.864265Z"
404,"1","2024-04-26T23:08:52.814564Z",403,"/data/upload/7/5fba2c3a-img199.jpg","[{""x"":25.28,""y"":62.56733944954128,""width"":7.039999999999999,""height"":12.400733944954126,""rotation"":0,""rectanglelabels"":[""S""],""original_width"":384,""original_height"":218}]",2.429,"2024-04-26T23:08:52.814577Z"
405,"1","2024-04-26T23:08:58.736094Z",404,"/data/upload/7/5e59d2c3-img196.jpg","[{""x"":66.72,""y"":56.64880733944953,""width"":7.519999999999996,""height"":13.246238532110098,""rotation"":0,""rectanglelabels"":[""S""],""original_width"":384,""original_height"":218}]",5.131,"2024-04-26T23:08:58.736115Z"
406,"1","2024-04-26T23:09:02.913594Z",405,"/data/upload/7/0cc4d59e-img195.jpg","[{""x"":59.040000000000006,""y"":54.67596330275229,""width"":5.11999999999999,""height"":10.709724770642204,""rotation"":0,""rectanglelabels"":[""S""],""original_width"":384,""original_height"":218}]",3.46,"2024-04-26T23:09:02.913610Z"
407,"1","2024-04-26T23:09:10.051003Z",406,"/data/upload/7/adcadc3b-img193.jpg","[{""x"":45.28,""y"":48.19376146788988,""width"":5.759999999999996,""height"":11.837064220183526,""rotation"":0,""rectanglelabels"":[""S""],""original_width"":384,""original_height"":218}]",6.343,"2024-04-26T23:09:10.051024Z"
408,"1","2024-04-26T23:09:14.112556Z",407,"/data/upload/7/29871434-img192.jpg","[{""x"":50.239999999999995,""y"":44.52990825688073,""width"":6.400000000000006,""height"":13.246238532110091,""rotation"":0,""rectanglelabels"":[""S""],""original_width"":384,""original_height"":218}]",2.6,"2024-04-26T23:09:14.112570Z"
409,"1","2024-04-26T23:09:18.657060Z",408,"/data/upload/7/f45286fd-img190.jpg","[{""x"":78.88,""y"":42.27522935779816,""width"":10.720000000000013,""height"":22.828623853211006,""rotation"":0,""rectanglelabels"":[""S""],""original_width"":384,""original_height"":218}]",3.822,"2024-04-26T23:09:18.657081Z"
410,"1","2024-04-26T23:09:23.719688Z",409,"/data/upload/7/ef7d98f2-img189.jpg","[{""x"":66.56,""y"":41.14788990825687,""width"":12.799999999999997,""height"":25.083302752293577,""rotation"":0,""rectanglelabels"":[""S""],""original_width"":384,""original_height"":218}]",3.475,"2024-04-26T23:09:23.719708Z"
411,"1","2024-04-26T23:09:27.609330Z",410,"/data/upload/7/c18b1be4-img188.jpg","[{""x"":68.96,""y"":48.75743119266055,""width"":11.840000000000018,""height"":23.67412844036697,""rotation"":0,""rectanglelabels"":[""S""],""original_width"":384,""original_height"":218}]",3.111,"2024-04-26T23:09:27.609341Z"
412,"1","2024-04-26T23:10:25.034003Z",411,"/data/upload/7/7b77905d-img186.jpg","[{""x"":35.519999999999996,""y"":38.32954128440367,""width"":13.599999999999996,""height"":25.365137614678883,""rotation"":0,""rectanglelabels"":[""S""],""original_width"":384,""original_height"":218}]",56.605,"2024-04-26T23:10:25.034014Z"
413,"1","2024-04-26T23:10:30.555644Z",412,"/data/upload/7/7c206819-img185.jpg","[{""x"":63.839999999999996,""y"":39.45688073394495,""width"":13.280000000000008,""height"":25.646972477064217,""rotation"":0,""rectanglelabels"":[""S""],""original_width"":384,""original_height"":218}]",3.403,"2024-04-26T23:10:30.555656Z"
414,"1","2024-04-26T23:10:39.620183Z",413,"/data/upload/7/c1e0cfea-img182.jpg","[{""x"":84.31999999999995,""y"":38.329541284403675,""width"":9.920000000000032,""height"":20.855779816513763,""rotation"":0,""rectanglelabels"":[""S""],""original_width"":384,""original_height"":218}]",8.144,"2024-04-26T23:10:39.620195Z"
415,"1","2024-04-26T23:10:47.740844Z",414,"/data/upload/7/e5bdde2e-img181.jpg","[{""x"":81.12,""y"":42.557064220183484,""width"":10.719999999999999,""height"":21.419449541284393,""rotation"":0,""rectanglelabels"":[""S""],""original_width"":384,""original_height"":218}]",7.051,"2024-04-26T23:10:47.740870Z"
416,"1","2024-04-26T23:10:53.441881Z",415,"/data/upload/7/1ce7fefc-img180.jpg","[{""x"":80.64,""y"":43.684403669724766,""width"":10.399999999999991,""height"":21.701284403669725,""rotation"":0,""rectanglelabels"":[""S""],""original_width"":384,""original_height"":218}]",4.806,"2024-04-26T23:10:53.441895Z"
417,"1","2024-04-26T23:11:06.842646Z",416,"/data/upload/7/6320dbe1-img179.jpg","[{""x"":65.28,""y"":33.256513761467886,""width"":11.36,""height"":20.855779816513753,""rotation"":0,""rectanglelabels"":[""S""],""original_width"":384,""original_height"":218}]",12.535,"2024-04-26T23:11:06.842665Z"
418,"1","2024-04-26T23:11:12.171801Z",417,"/data/upload/7/85f7c565-img178.jpg","[{""x"":66.4,""y"":37.76587155963303,""width"":11.83999999999999,""height"":20.29211009174312,""rotation"":0,""rectanglelabels"":[""S""],""original_width"":384,""original_height"":218}]",3.723,"2024-04-26T23:11:12.171822Z"
419,"1","2024-04-26T23:11:20.160162Z",418,"/data/upload/7/02844dc7-img177.jpg","[{""x"":66.88,""y"":50.166605504587146,""width"":9.600000000000009,""height"":19.44660550458716,""rotation"":0,""rectanglelabels"":[""S""],""original_width"":384,""original_height"":218}]",7.155,"2024-04-26T23:11:20.160175Z"
420,"1","2024-04-26T23:11:25.453510Z",419,"/data/upload/7/f75040d1-img176.jpg","[{""x"":62.88,""y"":21.13761467889908,""width"":9.43999999999999,""height"":16.910091743119263,""rotation"":0,""rectanglelabels"":[""S""],""original_width"":384,""original_height"":218}]",3.989,"2024-04-26T23:11:25.453534Z"
421,"1","2024-04-26T23:11:29.852353Z",420,"/data/upload/7/73c08f59-img174.jpg","[{""x"":72.64,""y"":57.494311926605505,""width"":9.600000000000009,""height"":18.601100917431182,""rotation"":0,""rectanglelabels"":[""S""],""original_width"":384,""original_height"":218}]",3.496,"2024-04-26T23:11:29.852369Z"
422,"1","2024-04-26T23:11:37.888741Z",421,"/data/upload/7/69e09676-img172.jpg","[{""x"":68.31999999999996,""y"":22.54678899082569,""width"":10.080000000000023,""height"":20.573944954128425,""rotation"":0,""rectanglelabels"":[""S""],""original_width"":384,""original_height"":218}]",6.448,"2024-04-26T23:11:37.888767Z"
423,"1","2024-04-26T23:11:43.530692Z",422,"/data/upload/7/fd4db9c9-img168.jpg","[{""x"":35.68,""y"":27.901651376146784,""width"":9.120000000000005,""height"":17.47376146788991,""rotation"":0,""rectanglelabels"":[""S""],""original_width"":384,""original_height"":218}]",4.73,"2024-04-26T23:11:43.530704Z"
424,"1","2024-04-26T23:11:49.516271Z",423,"/data/upload/7/5371e6ae-img166.jpg","[{""x"":26.56,""y"":80.60477064220183,""width"":8.48,""height"":16.628256880733943,""rotation"":0,""rectanglelabels"":[""S""],""original_width"":384,""original_height"":218}]",4.076,"2024-04-26T23:11:49.516283Z"
425,"1","2024-04-26T23:11:54.516458Z",424,"/data/upload/7/003fdc7b-img163.jpg","[{""x"":34.72,""y"":43.40256880733944,""width"":9.759999999999998,""height"":20.29211009174312,""rotation"":0,""rectanglelabels"":[""S""],""original_width"":384,""original_height"":218}]",4.316,"2024-04-26T23:11:54.516472Z"
426,"1","2024-04-26T23:11:58.789507Z",425,"/data/upload/7/988876e3-img162.jpg","[{""x"":27.200000000000003,""y"":41.14788990825687,""width"":8.639999999999993,""height"":17.755596330275225,""rotation"":0,""rectanglelabels"":[""S""],""original_width"":384,""original_height"":218}]",3.581,"2024-04-26T23:11:58.789521Z"
427,"1","2024-04-26T23:12:05.750844Z",426,"/data/upload/7/befccddd-img161.jpg","[{""x"":42.87999999999996,""y"":43.40256880733943,""width"":10.240000000000036,""height"":21.701284403669728,""rotation"":0,""rectanglelabels"":[""S""],""original_width"":384,""original_height"":218}]",6.238,"2024-04-26T23:12:05.750859Z"
428,"1","2024-04-26T23:12:12.850739Z",427,"/data/upload/7/21808714-img160.jpg","[{""x"":32.64,""y"":55.80330275229357,""width"":10.560000000000002,""height"":17.75559633027523,""rotation"":0,""rectanglelabels"":[""S""],""original_width"":384,""original_height"":218}]",5.406,"2024-04-26T23:12:12.850751Z"
429,"1","2024-04-26T23:12:16.442430Z",428,"/data/upload/7/b516c35b-img158.jpg","[{""x"":53.6,""y"":58.903486238532096,""width"":8.319999999999993,""height"":17.19192660550459,""rotation"":0,""rectanglelabels"":[""S""],""original_width"":384,""original_height"":218}]",2.758,"2024-04-26T23:12:16.442459Z"
430,"1","2024-04-26T23:12:20.268636Z",429,"/data/upload/7/b62fd54b-img157.jpg","[{""x"":57.120000000000005,""y"":53.548623853211005,""width"":8.159999999999997,""height"":17.191926605504584,""rotation"":0,""rectanglelabels"":[""S""],""original_width"":384,""original_height"":218}]",2.966,"2024-04-26T23:12:20.268650Z"
431,"1","2024-04-26T23:12:29.805812Z",430,"/data/upload/7/bd9d35e0-img156.jpg","[{""x"":39.20000000000001,""y"":49.32110091743119,""width"":8.479999999999995,""height"":16.34642201834859,""rotation"":0,""rectanglelabels"":[""S""],""original_width"":384,""original_height"":218},{""x"":47.52,""y"":48.75743119266055,""width"":0.6399999999999935,""height"":0.28183486238531685,""rotation"":0,""rectanglelabels"":[""S""],""original_width"":384,""original_height"":218}]",6.896,"2024-04-26T23:12:29.805825Z"
432,"1","2024-04-26T23:12:34.488856Z",431,"/data/upload/7/5a84fec1-img154.jpg","[{""x"":56.32,""y"":59.467155963302744,""width"":10.880000000000003,""height"":21.70128440366973,""rotation"":0,""rectanglelabels"":[""S""],""original_width"":384,""original_height"":218}]",3.623,"2024-04-26T23:12:34.488870Z"
433,"1","2024-04-26T23:15:04.971309Z",432,"/data/upload/7/6cbff12c-img153.jpg","[{""x"":57.28,""y"":62.84917431192662,""width"":9.119999999999989,""height"":23.955963302752277,""rotation"":0,""rectanglelabels"":[""S""],""original_width"":384,""original_height"":218}]",148.791,"2024-04-26T23:15:04.971322Z"
434,"1","2024-04-26T23:15:12.715143Z",433,"/data/upload/7/2aa5cb70-img152.jpg","[{""x"":53.28000000000001,""y"":23.392293577981647,""width"":12.800000000000004,""height"":26.492477064220182,""rotation"":0,""rectanglelabels"":[""S""],""original_width"":384,""original_height"":218}]",6.317,"2024-04-26T23:15:12.715156Z"
435,"1","2024-04-26T23:15:31.035181Z",434,"/data/upload/7/c862b041-img151.jpg","[{""x"":52.800000000000004,""y"":27.337981651376143,""width"":12.479999999999997,""height"":22.546788990825686,""rotation"":0,""rectanglelabels"":[""S""],""original_width"":384,""original_height"":218}]",14.209,"2024-04-26T23:15:31.035193Z"
436,"1","2024-04-26T23:15:39.264336Z",435,"/data/upload/7/ec460f74-img150.jpg","[{""x"":47.68,""y"":41.993394495412836,""width"":10.560000000000002,""height"":18.882935779816513,""rotation"":0,""rectanglelabels"":[""S""],""original_width"":384,""original_height"":218}]",6.665,"2024-04-26T23:15:39.264352Z"
437,"1","2024-04-26T23:15:43.334879Z",436,"/data/upload/7/b2fd0540-img147.jpg","[{""x"":72.32,""y"":35.511192660550456,""width"":7.680000000000007,""height"":13.809908256880732,""rotation"":0,""rectanglelabels"":[""S""],""original_width"":384,""original_height"":218}]",2.992,"2024-04-26T23:15:43.334904Z"
438,"1","2024-04-26T23:15:50.903701Z",437,"/data/upload/7/5f4e94a2-img145.jpg","[{""x"":82.07999999999998,""y"":71.3042201834862,""width"":7.040000000000017,""height"":16.628256880733925,""rotation"":0,""rectanglelabels"":[""S""],""original_width"":384,""original_height"":218}]",6.546,"2024-04-26T23:15:50.903712Z"
439,"1","2024-04-26T23:16:50.054970Z",438,"/data/upload/7/f77741fc-img143.jpg","[{""x"":83.04,""y"":46.22091743119263,""width"":8.640000000000041,""height"":15.219082568807313,""rotation"":0,""rectanglelabels"":[""S""],""original_width"":384,""original_height"":218}]",58.086,"2024-04-26T23:16:50.055077Z"
440,"1","2024-04-26T23:16:55.435847Z",439,"/data/upload/7/57ae7c08-img142.jpg","[{""x"":80,""y"":57.21247706422018,""width"":8,""height"":16.910091743119253,""rotation"":0,""rectanglelabels"":[""S""],""original_width"":384,""original_height"":218}]",3.704,"2024-04-26T23:16:55.435875Z"
441,"1","2024-04-26T23:17:05.287521Z",440,"/data/upload/7/ef21f704-img141.jpg","[{""x"":60.96,""y"":57.494311926605505,""width"":7.519999999999989,""height"":17.4737614678899,""rotation"":0,""rectanglelabels"":[""S""],""original_width"":384,""original_height"":218}]",6.631,"2024-04-26T23:17:05.287535Z"
442,"1","2024-04-26T23:17:09.479247Z",441,"/data/upload/7/a88f147b-img139.jpg","[{""x"":76,""y"":19.446605504587154,""width"":8.480000000000004,""height"":15.500917431192661,""rotation"":0,""rectanglelabels"":[""S""],""original_width"":384,""original_height"":218}]",3.334,"2024-04-26T23:17:09.479268Z"
443,"1","2024-04-26T23:17:14.951307Z",442,"/data/upload/7/ecd500b6-img136.jpg","[{""x"":16,""y"":57.494311926605505,""width"":6.559999999999999,""height"":12.400733944954126,""rotation"":0,""rectanglelabels"":[""S""],""original_width"":384,""original_height"":218}]",3.938,"2024-04-26T23:17:14.951333Z"
444,"1","2024-04-26T23:17:18.799001Z",443,"/data/upload/7/8997ffd8-img135.jpg","[{""x"":40.96,""y"":62.8491743119266,""width"":6.560000000000002,""height"":10.709724770642197,""rotation"":0,""rectanglelabels"":[""S""],""original_width"":384,""original_height"":218}]",2.853,"2024-04-26T23:17:18.799022Z"
445,"1","2024-04-26T23:17:22.462659Z",444,"/data/upload/7/4d3ff7a0-img133.jpg","[{""x"":46.08,""y"":29.31082568807339,""width"":6.8799999999999955,""height"":11.555229357798165,""rotation"":0,""rectanglelabels"":[""S""],""original_width"":384,""original_height"":218}]",3.007,"2024-04-26T23:17:22.462679Z"
446,"1","2024-04-26T23:17:27.418859Z",445,"/data/upload/7/0a11f01d-img132.jpg","[{""x"":46.08,""y"":31.84733944954128,""width"":8.479999999999997,""height"":15.500917431192661,""rotation"":0,""rectanglelabels"":[""S""],""original_width"":384,""original_height"":218}]",4.03,"2024-04-26T23:17:27.418880Z"
447,"1","2024-04-26T23:17:32.649911Z",446,"/data/upload/7/4d2729cd-img131.jpg","[{""x"":49.76,""y"":27.05614678899082,""width"":12.64,""height"":23.110458715596327,""rotation"":0,""rectanglelabels"":[""S""],""original_width"":384,""original_height"":218}]",3.785,"2024-04-26T23:17:32.649940Z"
448,"1","2024-04-26T23:17:39.486556Z",447,"/data/upload/7/c6c26e20-img130.jpg","[{""x"":40.48,""y"":57.77614678899082,""width"":13.120000000000005,""height"":22.828623853211006,""rotation"":0,""rectanglelabels"":[""S""],""original_width"":384,""original_height"":218}]",4.49,"2024-04-26T23:17:39.486567Z"
449,"1","2024-04-26T23:17:43.851653Z",448,"/data/upload/7/1da71e94-img129.jpg","[{""x"":37.44,""y"":67.07669724770642,""width"":12.96,""height"":21.701284403669717,""rotation"":0,""rectanglelabels"":[""S""],""original_width"":384,""original_height"":218}]",3.551,"2024-04-26T23:17:43.851671Z"
450,"1","2024-04-26T23:17:51.487015Z",449,"/data/upload/7/4bb54e09-img125.jpg","[{""x"":20.959999999999994,""y"":27.337981651376143,""width"":8.480000000000004,""height"":17.191926605504555,""rotation"":0,""rectanglelabels"":[""S""],""original_width"":384,""original_height"":218}]",6.822,"2024-04-26T23:17:51.487036Z"
451,"1","2024-04-26T23:17:57.014132Z",450,"/data/upload/7/c2434b30-img124.jpg","[{""x"":11.360000000000001,""y"":41.993394495412836,""width"":11.040000000000001,""height"":18.03743119266055,""rotation"":0,""rectanglelabels"":[""S""],""original_width"":384,""original_height"":218}]",3.593,"2024-04-26T23:17:57.014151Z"
452,"1","2024-04-26T23:18:01.431880Z",451,"/data/upload/7/fce1b939-img123.jpg","[{""x"":40.64,""y"":60.87633027522935,""width"":11.199999999999996,""height"":18.601100917431197,""rotation"":0,""rectanglelabels"":[""S""],""original_width"":384,""original_height"":218}]",3.431,"2024-04-26T23:18:01.431892Z"
453,"1","2024-04-26T23:18:08.598651Z",452,"/data/upload/7/157f19df-img118.jpg","[{""x"":20.159999999999997,""y"":33.25651376146791,""width"":9.120000000000001,""height"":18.037431192660556,""rotation"":0,""rectanglelabels"":[""S""],""original_width"":384,""original_height"":218}]",6.07,"2024-04-26T23:18:08.598664Z"
454,"1","2024-04-26T23:18:13.623025Z",453,"/data/upload/7/443f758a-img117.jpg","[{""x"":8.799999999999999,""y"":41.429724770642196,""width"":10.72,""height"":18.03743119266055,""rotation"":0,""rectanglelabels"":[""S""],""original_width"":384,""original_height"":218}]",3.931,"2024-04-26T23:18:13.623038Z"
455,"1","2024-04-26T23:18:25.165986Z",454,"/data/upload/7/9e45c587-img116.jpg","[{""x"":21.279999999999998,""y"":36.63853211009174,""width"":7.360000000000003,""height"":18.882935779816513,""rotation"":0,""rectanglelabels"":[""S""],""original_width"":384,""original_height"":218}]",3.129,"2024-04-26T23:18:25.165998Z"
456,"1","2024-04-26T23:18:29.095710Z",455,"/data/upload/7/815cc42d-img115.jpg","[{""x"":42.08,""y"":44.24807339449541,""width"":8.480000000000004,""height"":16.910091743119267,""rotation"":0,""rectanglelabels"":[""S""],""original_width"":384,""original_height"":218}]",2.78,"2024-04-26T23:18:29.095731Z"
457,"1","2024-04-26T23:18:34.059496Z",456,"/data/upload/7/d1befbac-img114.jpg","[{""x"":71.2,""y"":31.00183486238532,""width"":6.400000000000006,""height"":13.809908256880728,""rotation"":0,""rectanglelabels"":[""S""],""original_width"":384,""original_height"":218}]",4.196,"2024-04-26T23:18:34.059529Z"
458,"1","2024-04-26T23:18:39.784316Z",457,"/data/upload/7/3ef8fcb5-img113.jpg","[{""x"":63.04,""y"":38.047706422018344,""width"":7.20000000000001,""height"":14.93724770642202,""rotation"":0,""rectanglelabels"":[""S""],""original_width"":384,""original_height"":218}]",4.468,"2024-04-26T23:18:39.784331Z"
459,"1","2024-04-26T23:18:43.680554Z",458,"/data/upload/7/ee2ad74e-img107.jpg","[{""x"":62.4,""y"":71.30422018348624,""width"":6.079999999999991,""height"":13.246238532110084,""rotation"":0,""rectanglelabels"":[""S""],""original_width"":384,""original_height"":218}]",3.161,"2024-04-26T23:18:43.680580Z"
460,"1","2024-04-26T23:22:05.257022Z",459,"/data/upload/7/2425016a-img106.jpg","[{""x"":59.040000000000006,""y"":74.68623853211008,""width"":6.239999999999995,""height"":13.528073394495408,""rotation"":0,""rectanglelabels"":[""S""],""original_width"":384,""original_height"":218}]",10.146,"2024-04-26T23:22:05.257041Z"
461,"1","2024-04-26T23:22:08.934352Z",460,"/data/upload/7/6ca54d0b-img105.jpg","[{""x"":65.75999999999999,""y"":67.35853211009174,""width"":6.0800000000000125,""height"":14.091743119266056,""rotation"":0,""rectanglelabels"":[""S""],""original_width"":384,""original_height"":218}]",2.859,"2024-04-26T23:22:08.934365Z"
462,"1","2024-04-26T23:22:13.200524Z",461,"/data/upload/7/ef29544a-img103.jpg","[{""x"":53.92,""y"":71.58605504587156,""width"":7.039999999999999,""height"":13.809908256880732,""rotation"":0,""rectanglelabels"":[""S""],""original_width"":384,""original_height"":218}]",3.463,"2024-04-26T23:22:13.200550Z"
463,"1","2024-04-26T23:22:19.142449Z",462,"/data/upload/7/6a51983c-img102.jpg","[{""x"":46.239999999999995,""y"":73.27706422018348,""width"":7.200000000000003,""height"":14.091743119266056,""rotation"":0,""rectanglelabels"":[""S""],""original_width"":384,""original_height"":218}]",5.156,"2024-04-26T23:22:19.142466Z"
464,"1","2024-04-26T23:22:25.826279Z",463,"/data/upload/7/f4acaf9b-img101.jpg","[{""x"":51.35999999999999,""y"":72.71339449541283,""width"":6.0800000000000125,""height"":14.937247706422028,""rotation"":0,""rectanglelabels"":[""S""],""original_width"":384,""original_height"":218}]",4.723,"2024-04-26T23:22:25.826305Z"
465,"1","2024-04-26T23:22:35.979045Z",464,"/data/upload/7/901f5e41-img100.jpg","[{""x"":67.36,""y"":70.17688073394494,""width"":8.320000000000007,""height"":16.910091743119267,""rotation"":0,""rectanglelabels"":[""S""],""original_width"":384,""original_height"":218}]",4.362,"2024-04-26T23:22:35.979057Z"
466,"1","2024-04-26T23:22:41.987746Z",465,"/data/upload/7/d2461234-img99.jpg","[{""x"":61.919999999999995,""y"":69.61321100917431,""width"":8.800000000000004,""height"":17.191926605504577,""rotation"":0,""rectanglelabels"":[""S""],""original_width"":384,""original_height"":218}]",4.988,"2024-04-26T23:22:41.987758Z"
467,"1","2024-04-26T23:22:47.158875Z",466,"/data/upload/7/46f38d77-img98.jpg","[{""x"":72.16,""y"":53.83045871559633,""width"":7.680000000000007,""height"":17.191926605504584,""rotation"":0,""rectanglelabels"":[""S""],""original_width"":384,""original_height"":218}]",3.439,"2024-04-26T23:22:47.158896Z"
468,"1","2024-04-26T23:22:52.556633Z",467,"/data/upload/7/d7eabf49-img97.jpg","[{""x"":57.120000000000005,""y"":47.06642201834862,""width"":8.639999999999986,""height"":16.628256880733943,""rotation"":0,""rectanglelabels"":[""S""],""original_width"":384,""original_height"":218}]",4.124,"2024-04-26T23:22:52.556655Z"
469,"1","2024-04-26T23:23:01.158692Z",468,"/data/upload/7/def24e06-img94.jpg","[{""x"":17.76,""y"":77.22275229357798,""width"":10.559999999999999,""height"":19.44660550458714,""rotation"":0,""rectanglelabels"":[""S""],""original_width"":384,""original_height"":218}]",7.353,"2024-04-26T23:23:01.158706Z"
470,"1","2024-04-26T23:23:05.370518Z",469,"/data/upload/7/4ba271a9-img93.jpg","[{""x"":16,""y"":19.446605504587154,""width"":9.919999999999998,""height"":18.03743119266055,""rotation"":0,""rectanglelabels"":[""S""],""original_width"":384,""original_height"":218}]",3.405,"2024-04-26T23:23:05.370528Z"
471,"1","2024-04-26T23:23:10.575656Z",470,"/data/upload/7/731ed4a0-img91.jpg","[{""x"":54.72,""y"":42.27522935779816,""width"":9.119999999999997,""height"":16.34642201834862,""rotation"":0,""rectanglelabels"":[""S""],""original_width"":384,""original_height"":218}]",4.424,"2024-04-26T23:23:10.575671Z"
472,"1","2024-04-26T23:23:55.137280Z",471,"/data/upload/7/f583e873-img90.jpg","[{""x"":65.28,""y"":41.71155963302752,""width"":8.799999999999997,""height"":16.62825688073395,""rotation"":0,""rectanglelabels"":[""S""],""original_width"":384,""original_height"":218}]",42.999,"2024-04-26T23:23:55.137291Z"
473,"1","2024-04-26T23:23:59.302140Z",472,"/data/upload/7/fa9ce5d8-img89.jpg","[{""x"":41.760000000000005,""y"":41.429724770642196,""width"":8.32,""height"":16.346422018348626,""rotation"":0,""rectanglelabels"":[""S""],""original_width"":384,""original_height"":218}]",3.121,"2024-04-26T23:23:59.302151Z"
474,"1","2024-04-26T23:24:07.558748Z",473,"/data/upload/7/4f091a3c-img87.jpg","[{""x"":35.36,""y"":65.38568807339449,""width"":7.359999999999999,""height"":17.4737614678899,""rotation"":0,""rectanglelabels"":[""S""],""original_width"":384,""original_height"":218}]",2.793,"2024-04-26T23:24:07.558762Z"
475,"1","2024-04-26T23:24:12.226092Z",474,"/data/upload/7/3c6e976d-img86.jpg","[{""x"":33.92,""y"":47.91192660550458,""width"":6.399999999999999,""height"":14.091743119266056,""rotation"":0,""rectanglelabels"":[""S""],""original_width"":384,""original_height"":218}]",3.537,"2024-04-26T23:24:12.226103Z"
476,"1","2024-04-26T23:24:17.546581Z",475,"/data/upload/7/1158d225-img85.jpg","[{""x"":16.96,""y"":41.993394495412836,""width"":5.440000000000001,""height"":10.146055045871563,""rotation"":0,""rectanglelabels"":[""S""],""original_width"":384,""original_height"":218}]",4.476,"2024-04-26T23:24:17.546592Z"
477,"1","2024-04-26T23:24:22.665309Z",476,"/data/upload/7/a9fb4fb2-img84.jpg","[{""x"":13.120000000000001,""y"":68.76770642201834,""width"":4.799999999999997,""height"":9.582385321100915,""rotation"":0,""rectanglelabels"":[""S""],""original_width"":384,""original_height"":218}]",4.259,"2024-04-26T23:24:22.665321Z"
478,"1","2024-04-26T23:24:32.180403Z",477,"/data/upload/7/4e2cca97-img82.jpg","[{""x"":71.36,""y"":68.76770642201834,""width"":6.079999999999998,""height"":10.146055045871563,""rotation"":0,""rectanglelabels"":[""S""],""original_width"":384,""original_height"":218}]",7.457,"2024-04-26T23:24:32.180417Z"
479,"1","2024-04-26T23:24:36.622539Z",478,"/data/upload/7/9f9d8822-img77.jpg","[{""x"":61.919999999999995,""y"":71.02238532110091,""width"":4.800000000000004,""height"":9.582385321100915,""rotation"":0,""rectanglelabels"":[""S""],""original_width"":384,""original_height"":218}]",3.571,"2024-04-26T23:24:36.622550Z"
480,"1","2024-04-26T23:24:45.644361Z",479,"/data/upload/7/0cebe9c0-img74.jpg","[{""x"":25.919999999999998,""y"":66.7948623853211,""width"":4.320000000000004,""height"":9.300550458715591,""rotation"":0,""rectanglelabels"":[""S""],""original_width"":384,""original_height"":218}]",8.176,"2024-04-26T23:24:45.644372Z"
481,"1","2024-04-26T23:24:49.899390Z",480,"/data/upload/7/b36a4f62-img73.jpg","[{""x"":27.200000000000003,""y"":32.692844036697245,""width"":4.959999999999994,""height"":9.582385321100915,""rotation"":0,""rectanglelabels"":[""S""],""original_width"":384,""original_height"":218}]",3.379,"2024-04-26T23:24:49.899405Z"
482,"1","2024-04-26T23:25:49.931210Z",481,"/data/upload/7/a15185c4-img72.jpg","[{""x"":24.32,""y"":63.69467889908256,""width"":4.800000000000001,""height"":10.146055045871563,""rotation"":0,""rectanglelabels"":[""S""],""original_width"":384,""original_height"":218}]",7.425,"2024-04-26T23:25:49.931225Z"
483,"1","2024-04-26T23:25:55.256071Z",482,"/data/upload/7/267857ab-img71.jpg","[{""x"":52.959999999999994,""y"":67.64036697247707,""width"":4.960000000000008,""height"":10.427889908256859,""rotation"":0,""rectanglelabels"":[""S""],""original_width"":384,""original_height"":218}]",4.65,"2024-04-26T23:25:55.256083Z"
484,"1","2024-04-26T23:25:59.936880Z",483,"/data/upload/7/e0290cf6-img70.jpg","[{""x"":56.00000000000001,""y"":28.183486238532108,""width"":5.439999999999991,""height"":11.555229357798165,""rotation"":0,""rectanglelabels"":[""S""],""original_width"":384,""original_height"":218}]",3.583,"2024-04-26T23:25:59.936894Z"
485,"1","2024-04-26T23:26:05.656126Z",484,"/data/upload/7/ff8d3cec-img68.jpg","[{""x"":33.76,""y"":57.494311926605505,""width"":4.640000000000001,""height"":10.146055045871563,""rotation"":0,""rectanglelabels"":[""S""],""original_width"":384,""original_height"":218}]",3.989,"2024-04-26T23:26:05.656150Z"
486,"1","2024-04-26T23:26:16.622195Z",485,"/data/upload/7/691bc780-img65.jpg","[{""x"":72.64,""y"":46.784587155963294,""width"":5.599999999999994,""height"":10.427889908256887,""rotation"":0,""rectanglelabels"":[""S""],""original_width"":384,""original_height"":218}]",10.079,"2024-04-26T23:26:16.622207Z"
487,"1","2024-04-26T23:26:20.549538Z",486,"/data/upload/7/915b53ed-img64.jpg","[{""x"":72,""y"":73.5588990825688,""width"":5.920000000000002,""height"":10.709724770642197,""rotation"":0,""rectanglelabels"":[""S""],""original_width"":384,""original_height"":218}]",3.225,"2024-04-26T23:26:20.549563Z"
488,"1","2024-04-26T23:26:24.707764Z",487,"/data/upload/7/91065334-img63.jpg","[{""x"":37.92,""y"":81.16844036697248,""width"":5.599999999999994,""height"":9.864220183486239,""rotation"":0,""rectanglelabels"":[""S""],""original_width"":384,""original_height"":218}]",3.255,"2024-04-26T23:26:24.707786Z"
489,"1","2024-04-26T23:26:32.306061Z",488,"/data/upload/7/ea4cd5f4-img60.jpg","[{""x"":44.47999999999998,""y"":16.06458715596329,""width"":4.800000000000022,""height"":10.14605504587156,""rotation"":0,""rectanglelabels"":[""S""],""original_width"":384,""original_height"":218}]",6.518,"2024-04-26T23:26:32.306074Z"
490,"1","2024-04-26T23:26:37.714508Z",489,"/data/upload/7/900682c2-img59.jpg","[{""x"":44.16,""y"":12.682568807339448,""width"":5.1200000000000045,""height"":9.582385321100917,""rotation"":0,""rectanglelabels"":[""S""],""original_width"":384,""original_height"":218}]",3.908,"2024-04-26T23:26:37.714533Z"
491,"1","2024-04-26T23:26:42.439648Z",490,"/data/upload/7/ab8fa40d-img58.jpg","[{""x"":79.52,""y"":50.44844036697247,""width"":10.560000000000002,""height"":18.882935779816513,""rotation"":0,""rectanglelabels"":[""S""],""original_width"":384,""original_height"":218}]",3.632,"2024-04-26T23:26:42.439661Z"
492,"1","2024-04-26T23:26:48.904341Z",491,"/data/upload/7/56a66af8-img57.jpg","[{""x"":78.24,""y"":24.237798165137608,""width"":9.920000000000034,""height"":18.88293577981652,""rotation"":0,""rectanglelabels"":[""S""],""original_width"":384,""original_height"":218}]",5.487,"2024-04-26T23:26:48.904361Z"
493,"1","2024-04-26T23:26:55.553607Z",492,"/data/upload/7/f5e7d494-img56.jpg","[{""x"":58.4,""y"":24.23779816513761,""width"":12.32,""height"":21.41944954128441,""rotation"":0,""rectanglelabels"":[""S""],""original_width"":384,""original_height"":218}]",5.7,"2024-04-26T23:26:55.553628Z"
494,"1","2024-04-26T23:27:03.208103Z",493,"/data/upload/7/476e60b5-img55.jpg","[{""x"":75.03999999999999,""y"":38.047706422018344,""width"":11.040000000000006,""height"":22.264954128440365,""rotation"":0,""rectanglelabels"":[""S""],""original_width"":384,""original_height"":218}]",6.698,"2024-04-26T23:27:03.208122Z"
495,"1","2024-04-26T23:27:09.475545Z",494,"/data/upload/7/053f929b-img54.jpg","[{""x"":63.2,""y"":40.02055045871559,""width"":11.519999999999996,""height"":21.98311926605505,""rotation"":0,""rectanglelabels"":[""S""],""original_width"":384,""original_height"":218}]",3.952,"2024-04-26T23:27:09.475568Z"
496,"1","2024-04-26T23:27:14.144814Z",495,"/data/upload/7/53f633ad-img53.jpg","[{""x"":57.440000000000005,""y"":40.58422018348624,""width"":10.719999999999992,""height"":21.701284403669725,""rotation"":0,""rectanglelabels"":[""S""],""original_width"":384,""original_height"":218}]",3.413,"2024-04-26T23:27:14.144827Z"
497,"1","2024-04-26T23:27:18.659409Z",496,"/data/upload/7/a3a690ed-img52.jpg","[{""x"":48.64,""y"":67.64036697247707,""width"":11.36,""height"":23.392293577981647,""rotation"":0,""rectanglelabels"":[""S""],""original_width"":384,""original_height"":218}]",3.596,"2024-04-26T23:27:18.659420Z"
498,"1","2024-04-26T23:27:25.037297Z",497,"/data/upload/7/bc21ab4f-img51.jpg","[{""x"":34.239999999999995,""y"":59.18532110091742,""width"":10.080000000000007,""height"":20.29211009174311,""rotation"":0,""rectanglelabels"":[""S""],""original_width"":384,""original_height"":218}]",5.538,"2024-04-26T23:27:25.037307Z"
499,"1","2024-04-26T23:27:32.583943Z",498,"/data/upload/7/57896a98-img50.jpg","[{""x"":44.32,""y"":15.219082568807337,""width"":9.119999999999997,""height"":16.628256880733943,""rotation"":0,""rectanglelabels"":[""S""],""original_width"":384,""original_height"":218}]",6.971,"2024-04-26T23:27:32.583971Z"
500,"1","2024-04-26T23:27:39.050867Z",499,"/data/upload/7/55a38706-img49.jpg","[{""x"":68.47999999999999,""y"":26.21064220183486,""width"":3.5200000000000102,""height"":5.918532110091736,""rotation"":0,""rectanglelabels"":[""S""],""original_width"":384,""original_height"":218}]",4.706,"2024-04-26T23:27:39.050878Z"
501,"1","2024-04-26T23:27:44.148218Z",500,"/data/upload/7/373126b1-img48.jpg","[{""x"":67.04,""y"":40.866055045871555,""width"":3.6799999999999926,""height"":5.918532110091739,""rotation"":0,""rectanglelabels"":[""S""],""original_width"":384,""original_height"":218}]",4.23,"2024-04-26T23:27:44.148230Z"
502,"1","2024-04-26T23:27:48.372633Z",501,"/data/upload/7/cac3a1fd-img45.jpg","[{""x"":66.56,""y"":71.02238532110091,""width"":5.920000000000002,""height"":11.837064220183478,""rotation"":0,""rectanglelabels"":[""S""],""original_width"":384,""original_height"":218}]",3.363,"2024-04-26T23:27:48.372643Z"
503,"1","2024-04-26T23:27:53.098510Z",502,"/data/upload/7/ec542f63-img43.jpg","[{""x"":41.6,""y"":32.97467889908256,""width"":4.6399999999999935,""height"":10.709724770642204,""rotation"":0,""rectanglelabels"":[""S""],""original_width"":384,""original_height"":218}]",3.892,"2024-04-26T23:27:53.098524Z"
504,"1","2024-04-26T23:28:21.011257Z",503,"/data/upload/7/8f58c785-img41.jpg","[{""x"":84.48,""y"":60.594495412844026,""width"":4.640000000000001,""height"":8.17321100917431,""rotation"":0,""rectanglelabels"":[""S""],""original_width"":384,""original_height"":218}]",26.915,"2024-04-26T23:28:21.011274Z"
505,"1","2024-04-26T23:28:26.993603Z",504,"/data/upload/7/65d8bae7-img40.jpg","[{""x"":66.72,""y"":61.158165137614674,""width"":4,""height"":7.327706422018338,""rotation"":0,""rectanglelabels"":[""S""],""original_width"":384,""original_height"":218}]",4.02,"2024-04-26T23:28:26.993614Z"
506,"1","2024-04-26T23:28:33.401546Z",505,"/data/upload/7/e7a35ac5-img39.jpg","[{""x"":56.96,""y"":61.158165137614674,""width"":4.479999999999997,""height"":9.582385321100915,""rotation"":0,""rectanglelabels"":[""S""],""original_width"":384,""original_height"":218}]",5.258,"2024-04-26T23:28:33.401567Z"
507,"1","2024-04-26T23:28:39.916360Z",506,"/data/upload/7/938e8426-img38.jpg","[{""x"":55.67999999999999,""y"":44.24807339449541,""width"":6.0800000000000125,""height"":11.273394495412845,""rotation"":0,""rectanglelabels"":[""S""],""original_width"":384,""original_height"":218}]",5.418,"2024-04-26T23:28:39.916372Z"
508,"1","2024-04-26T23:28:47.667850Z",507,"/data/upload/7/60ceda4f-img37.jpg","[{""x"":54.24,""y"":32.97467889908256,""width"":11.999999999999993,""height"":23.392293577981647,""rotation"":0,""rectanglelabels"":[""S""],""original_width"":384,""original_height"":218}]",7.015,"2024-04-26T23:28:47.667861Z"
509,"1","2024-04-26T23:28:53.865437Z",508,"/data/upload/7/f1655596-img36.jpg","[{""x"":22.400000000000002,""y"":27.337981651376143,""width"":12.319999999999997,""height"":25.365137614678897,""rotation"":0,""rectanglelabels"":[""S""],""original_width"":384,""original_height"":218}]",5.435,"2024-04-26T23:28:53.865462Z"
510,"1","2024-04-26T23:29:03.744071Z",509,"/data/upload/7/5df33759-img35.jpg","[{""x"":31.680000000000003,""y"":48.47559633027521,""width"":22.88000000000001,""height"":46.22091743119264,""rotation"":0,""rectanglelabels"":[""S""],""original_width"":384,""original_height"":218}]",9.213,"2024-04-26T23:29:03.744083Z"
511,"1","2024-04-26T23:29:21.530250Z",510,"/data/upload/7/a686de27-img34.jpg","[{""x"":52.480000000000004,""y"":22.264954128440365,""width"":8,""height"":15.500917431192661,""rotation"":0,""rectanglelabels"":[""S""],""original_width"":384,""original_height"":218}]",16.714,"2024-04-26T23:29:21.530261Z"
512,"1","2024-04-26T23:30:12.979802Z",511,"/data/upload/7/3b6d1432-img33.jpg","[{""x"":51.35999999999999,""y"":66.7948623853211,""width"":8.640000000000008,""height"":16.910091743119267,""rotation"":0,""rectanglelabels"":[""S""],""original_width"":384,""original_height"":218}]",49.039,"2024-04-26T23:30:12.979820Z"
513,"1","2024-04-26T23:30:18.081502Z",512,"/data/upload/7/e9d68009-img29.jpg","[{""x"":55.04,""y"":76.09541284403669,""width"":7.68,""height"":15.782752293577971,""rotation"":0,""rectanglelabels"":[""S""],""original_width"":384,""original_height"":218}]",4.317,"2024-04-26T23:30:18.081514Z"
514,"1","2024-04-26T23:30:41.833969Z",513,"/data/upload/7/7369ded6-img28.jpg","[{""x"":54.72,""y"":61.44,""width"":8.480000000000004,""height"":15.782752293577985,""rotation"":0,""rectanglelabels"":[""S""],""original_width"":384,""original_height"":218}]",22.827,"2024-04-26T23:30:41.833984Z"
515,"1","2024-04-26T23:30:47.945865Z",514,"/data/upload/7/b715a08b-img27.jpg","[{""x"":69.27999999999999,""y"":62.56733944954125,""width"":8.479999999999967,""height"":16.06458715596329,""rotation"":0,""rectanglelabels"":[""S""],""original_width"":384,""original_height"":218}]",5.225,"2024-04-26T23:30:47.945885Z"
516,"1","2024-04-26T23:30:51.858711Z",515,"/data/upload/7/b9d1e17d-img26.jpg","[{""x"":35.52,""y"":54.9577981651376,""width"":8.799999999999997,""height"":15.219082568807337,""rotation"":0,""rectanglelabels"":[""S""],""original_width"":384,""original_height"":218}]",3.042,"2024-04-26T23:30:51.858723Z"
517,"1","2024-04-26T23:30:57.158531Z",516,"/data/upload/7/ad294362-img23.jpg","[{""x"":73.6,""y"":29.87449541284403,""width"":5.439999999999998,""height"":9.864220183486243,""rotation"":0,""rectanglelabels"":[""S""],""original_width"":384,""original_height"":218}]",34.916,"2024-04-26T23:31:27.755722Z"
518,"1","2024-04-26T23:31:43.450295Z",517,"/data/upload/7/7a470439-img21.jpg","[{""x"":82.08,""y"":50.448440366972456,""width"":6.400000000000004,""height"":11.837064220183496,""rotation"":0,""rectanglelabels"":[""S""],""original_width"":384,""original_height"":218}]",14.602,"2024-04-26T23:31:43.450311Z"
519,"1","2024-04-26T23:32:19.290167Z",518,"/data/upload/7/378852e5-img20.jpg","[{""x"":47.52,""y"":50.44844036697247,""width"":6.239999999999995,""height"":12.400733944954133,""rotation"":0,""rectanglelabels"":[""S""],""original_width"":384,""original_height"":218}]",4.015,"2024-04-26T23:32:19.290186Z"
520,"1","2024-04-26T23:32:25.824278Z",519,"/data/upload/7/1d56fd7b-img19.jpg","[{""x"":49.120000000000005,""y"":49.039266055045864,""width"":6.399999999999999,""height"":12.11889908256881,""rotation"":0,""rectanglelabels"":[""S""],""original_width"":384,""original_height"":218}]",5.485,"2024-04-26T23:32:25.824289Z"
521,"1","2024-04-26T23:32:30.707606Z",520,"/data/upload/7/1974358c-img18.jpg","[{""x"":48.32,""y"":66.7948623853211,""width"":8,""height"":14.37357798165138,""rotation"":0,""rectanglelabels"":[""S""],""original_width"":384,""original_height"":218}]",3.996,"2024-04-26T23:32:30.707629Z"
522,"1","2024-04-26T23:33:06.409561Z",521,"/data/upload/7/e1ca102c-img17.jpg","[{""x"":48.64,""y"":19.446605504587154,""width"":4.640000000000008,""height"":9.864220183486236,""rotation"":0,""rectanglelabels"":[""S""],""original_width"":384,""original_height"":218}]",34.87,"2024-04-26T23:33:06.409576Z"
523,"1","2024-04-26T23:33:12.936526Z",522,"/data/upload/7/321f952d-img16.jpg","[{""x"":48.480000000000004,""y"":23.110458715596327,""width"":4.6399999999999935,""height"":10.14605504587156,""rotation"":0,""rectanglelabels"":[""S""],""original_width"":384,""original_height"":218}]",3.415,"2024-04-26T23:33:12.936542Z"
524,"1","2024-04-26T23:33:16.901744Z",523,"/data/upload/7/f2376c82-img15.jpg","[{""x"":48.96,""y"":30.438165137614675,""width"":5.759999999999998,""height"":11.555229357798162,""rotation"":0,""rectanglelabels"":[""S""],""original_width"":384,""original_height"":218}]",2.85,"2024-04-26T23:33:16.901761Z"
525,"1","2024-04-26T23:33:21.509027Z",524,"/data/upload/7/0fddb32c-img14.jpg","[{""x"":67.52,""y"":55.80330275229357,""width"":19.840000000000003,""height"":36.07486238532109,""rotation"":0,""rectanglelabels"":[""S""],""original_width"":384,""original_height"":218}]",3.858,"2024-04-26T23:33:21.509041Z"
526,"1","2024-04-26T23:33:29.456133Z",525,"/data/upload/7/69b9f183-img13.jpg","[{""x"":61.44,""y"":54.67596330275231,""width"":19.999999999999975,""height"":42.275229357798125,""rotation"":0,""rectanglelabels"":[""S""],""original_width"":384,""original_height"":218}]",6.976,"2024-04-26T23:33:29.456151Z"
527,"1","2024-04-26T23:33:34.445480Z",526,"/data/upload/7/92e0f068-img12.jpg","[{""x"":22.720000000000002,""y"":44.81174311926605,""width"":21.599999999999998,""height"":42.27522935779816,""rotation"":0,""rectanglelabels"":[""S""],""original_width"":384,""original_height"":218}]",4.311,"2024-04-26T23:33:34.445492Z"
528,"1","2024-04-26T23:33:39.922438Z",527,"/data/upload/7/516e443f-img11.jpg","[{""x"":8.48,""y"":23.67412844036697,""width"":17.599999999999998,""height"":31.001834862385316,""rotation"":0,""rectanglelabels"":[""S""],""original_width"":384,""original_height"":218}]",4.193,"2024-04-26T23:33:39.922453Z"
529,"1","2024-04-26T23:33:45.669425Z",528,"/data/upload/7/97086158-img10.jpg","[{""x"":12.64,""y"":28.747155963302752,""width"":12,""height"":24.23779816513761,""rotation"":0,""rectanglelabels"":[""S""],""original_width"":384,""original_height"":218}]",4.974,"2024-04-26T23:33:45.669438Z"
530,"1","2024-04-26T23:34:07.184383Z",529,"/data/upload/7/6e2a9b72-img9.jpg","[{""x"":42.4,""y"":34.94752293577982,""width"":12.800000000000002,""height"":23.674128440366964,""rotation"":0,""rectanglelabels"":[""S""],""original_width"":384,""original_height"":218}]",20.744,"2024-04-26T23:34:07.184395Z"
531,"1","2024-04-26T23:34:11.578928Z",530,"/data/upload/7/854fa1c2-img8.jpg","[{""x"":69.6,""y"":36.0748623853211,""width"":12,""height"":25.083302752293577,""rotation"":0,""rectanglelabels"":[""S""],""original_width"":384,""original_height"":218}]",3.655,"2024-04-26T23:34:11.578955Z"
532,"1","2024-04-26T23:34:17.119942Z",531,"/data/upload/7/24f19b48-img7.jpg","[{""x"":72.64,""y"":65.38568807339449,""width"":14.719999999999999,""height"":26.492477064220168,""rotation"":0,""rectanglelabels"":[""S""],""original_width"":384,""original_height"":218}]",3.963,"2024-04-26T23:34:17.119953Z"
533,"1","2024-04-26T23:34:21.492048Z",532,"/data/upload/7/90b7aa77-img6.jpg","[{""x"":75.2,""y"":9.018715596330274,""width"":12.799999999999997,""height"":26.774311926605506,""rotation"":0,""rectanglelabels"":[""S""],""original_width"":384,""original_height"":218}]",3.493,"2024-04-26T23:34:21.492068Z"
534,"1","2024-04-26T23:34:25.828633Z",533,"/data/upload/7/9c26deb6-img5.jpg","[{""x"":30.880000000000003,""y"":8.173211009174311,""width"":11.519999999999996,""height"":21.98311926605504,""rotation"":0,""rectanglelabels"":[""S""],""original_width"":384,""original_height"":218}]",3.452,"2024-04-26T23:34:25.828646Z"
535,"1","2024-04-26T23:34:35.455869Z",534,"/data/upload/7/3eb51674-img4.jpg","[{""x"":16.96,""y"":32.692844036697245,""width"":14.239999999999998,""height"":28.46532110091743,""rotation"":0,""rectanglelabels"":[""S""],""original_width"":384,""original_height"":218}]",8.962,"2024-04-26T23:34:35.455889Z"
536,"1","2024-04-26T23:34:39.027227Z",535,"/data/upload/7/a8591cd8-img3.jpg","[{""x"":45.6,""y"":41.71155963302752,""width"":12.479999999999997,""height"":24.801467889908253,""rotation"":0,""rectanglelabels"":[""S""],""original_width"":384,""original_height"":218}]",2.966,"2024-04-26T23:34:39.027252Z"
